Name,Chain,Github Link,Link Status
FstSwap,bnb-chain,https://github.com/fstswap/fstswap.github.io,REPO
Ultiverse,bnb-chain,https://github.com/ultiverse-io/,USER
LiveArt,bnb-chain,https://github.com/LiveArtx,USER
Chain Of Legends,bnb-chain,https://github.com/Chain-of-Legends,USER
Orbofi,bnb-chain,https://github.com/Orbofi,USER
JLaunchpad,bnb-chain,https://github.com/Jlaunchpad,USER
HODL,bnb-chain,https://github.com/HODL-org,USER
USDTa,bnb-chain,https://github.com/usdta40,USER
Aegis,bnb-chain,https://github.com/Aegis-im,USER
ChainGPT,bnb-chain,https://github.com/ChainGPT-org/,USER
HyperGPT,bnb-chain,https://github.com/HyperGPTai,USER
Sekuya,bnb-chain,https://github.com/sekuyatoken,USER
DeFusion,bnb-chain,https://github.com/defusionai,USER
Mind Network,bnb-chain,https://github.com/mind-network,USER
Laika AI,bnb-chain,https://github.com/Laika-AI-labs,USER
ApeBond,bnb-chain,https://github.com/ApeSwapFinance,USER
Catboy,bnb-chain,https://github.com/TEAMCatboy,USER
Sidekick,bnb-chain,https://github.com/SidekickOfficial,INVALID
Tethereum,bnb-chain,https://github.com/tethereumtoken/,USER
Entangle,bnb-chain,https://github.com/Entangle-Protocol/corechain,REPO
Muskswap,bnb-chain,https://github.com/liuguanzhang-1/musk-swap,INVALID
VolBoost,bnb-chain,https://github.com,INVALID
CZ RUNZ,bnb-chain,https://github.com/CZRUNZ/CZRUNZ,INVALID
Alliance Games,bnb-chain,https://github.com/chainofalliance,INVALID
MYX Finance,bnb-chain,https://github.com/myx-protocol,USER
Wise Monkey,bnb-chain,https://github.com/,USER
AICell,bnb-chain,https://github.com/AIcell-labs,USER
DeAgentAI,bnb-chain,https://github.com/deagentAI,USER
AIMCA Token,bnb-chain,https://github.com/aimemechain/,USER
Token Bulk Sender,bnb-chain,https://github.com/dawar2151/x-wallet-bulksender-smart-contracts,REPO
CKAN Coin,bnb-chain,https://github.com/CKANcoin,USER
SOLO AI,bnb-chain,https://github.com/soloai-front,USER
StarAI,bnb-chain,https://github.com/starland-ai,USER
Matrixdock,bnb-chain,https://github.com/Matrixdock-RWA/RWA-Contracts,REPO
BAD Coin,bnb-chain,https://github.com/badaitech/badai-docs,REPO
zkMe,bnb-chain,https://github.com/zkMeLabs,USER
Lord Cheems,bnb-chain,https://github.com/CheemsLab,USER
Whale,bnb-chain,https://github.com,INVALID
Koma,bnb-chain,https://github.com,INVALID
Vita Inu,bnb-chain,https://github.com/vitainu,INVALID
BANANAS31,bnb-chain,https://github.com/BANANAS31,USER
COCOCOIN,bnb-chain,https://github.com/tonj5554,USER
Beeper,bnb-chain,https://github.com/intentos-labs,USER
Cakepie,bnb-chain,https://github.com/magpiexyz/cakepie,REPO
ApeX Protocol,bnb-chain,https://github.com/ApeX-Protocol,USER
LudoWin by Catecoin,bnb-chain,https://github.com/catecoins,USER
Astra,bnb-chain,https://github.com/astra-labs-ln,USER
BUZZ,bnb-chain,https://github.com/buzz0283,USER
SinVerse,bnb-chain,https://github.com/vanilla-network/,USER
Meow Motion,bnb-chain,https://github.com/MeowMotion/meow_contract,REPO
Lion Cat,bnb-chain,https://github.com/lioncat-official/,USER
Token Creator,bnb-chain,https://github.com/create-my-token,USER
Gata,bnb-chain,https://github.com/gataxyz,USER
Decentra Guys,bnb-chain,https://github.com/decentra-guys/tokken-contract,REPO
REMIS,bnb-chain,https://github.com/NFT5-Imota/remis-dapp-slots,INVALID
AIMEC,bnb-chain,https://github.com/aimemechain/,USER
BABEDINO,bnb-chain,https://github.com/aimemechain/Baby-Dino-Meme-Token-Project,INVALID
PlayFi Studio,bnb-chain,https://github.com/PlayFiStudio,USER
BabyBNB,bnb-chain,https://github.com/BabyBNBToken,USER
1GUY,bnb-chain,https://github.com/1GUYToken,INVALID
Moon Tropica,bnb-chain,https://github.com/moontropica,USER
AIAI Society,bnb-chain,https://github.com/aiai_society,INVALID
Catton AI,bnb-chain,https://github.com/Cattontech,USER
ZebraSwap,bnb-chain,https://github.com/DIMOCODE/zebra-Swap-In-progress,REPO
Tagger,bnb-chain,https://github.com/TaggerAI,USER
ASI MEME,bnb-chain,https://github.com/asimemecoin,USER
QAAG AI,bnb-chain,-,NO_LINK
Bacon Protocol,bnb-chain,-,NO_LINK
Casper AI,bnb-chain,-,NO_LINK
BTC100AI at xWIN.Finance,bnb-chain,-,NO_LINK
Jam AI,bnb-chain,-,NO_LINK
Vault Zero,bnb-chain,-,NO_LINK
Spot Zero,bnb-chain,https://github.com/TartaLabs,USER
U topia,bnb-chain,https://github.com/u-topia-ecosystem,USER
Eesee,bnb-chain,https://github.com/eesee-io/contracts,REPO
Etaku,bnb-chain,https://github.com/EtakuAI,USER
Topi AI,bnb-chain,https://github.com/dex-guru,USER
SilentSwap,bnb-chain,https://github.com/shibtoshi,USER
Alttown,bnb-chain,https://github.com/bitBLUE-Developer/alt.town,REPO
LUCKY STUDIOS,bnb-chain,https://github.com/settings/applications/2862655,REPO
PWN,bnb-chain,https://github.com/PWNDAO,USER
PAPU Arena,bnb-chain,https://github.com/papugame,USER
MdbApp,bnb-chain,https://github.com/mobdaboss,USER
0xgasless,bnb-chain,https://github.com/0xgasless/agentkit,REPO
Metya,bnb-chain,https://github.com/metya,USER
Farcana,bnb-chain,https://github.com/farcana/,USER
Aggregata,bnb-chain,https://github.com/Aggregata-xyz,USER
Liteflow,bnb-chain,https://github.com/liteflow-labs,USER
Pokka,bnb-chain,https://github.com/ai_society,INVALID
AGI Open Network,bnb-chain,https://github.com/AONAgent/aonweb,REPO
Multipli,bnb-chain,https://github.com/brine-finance/,USER
DeployTokens,bnb-chain,https://github.com/deploytokens/,USER
CheeseAI,bnb-chain,https://github.com/CheeseAIfun/CheeseAI,INVALID
OP MEME,bnb-chain,https://github.com/opdotmeme,USER
Coinweb,bnb-chain,https://github.com/coinweb,USER
Impact Fun,bnb-chain,https://github.com/impactdotfun,USER
SirenAI,bnb-chain,https://github.com/climtine/SIREN.git,REPO
Yotta,bnb-chain,https://github.com/yottalabsai,USER
DexCheck AI,bnb-chain,https://github.com/DexCheck-io,INVALID
Puppy Fun,bnb-chain,https://github.com/?no-public-repos,USER
Sixpack Miner,bnb-chain,https://github.com/SixpackMiner/SixpackMiner.git,REPO
OpenPad AI,bnb-chain,https://github.com/OPENPAD-AI/openpadai-smartcontract-ERC20-public,REPO
EasyDapp,bnb-chain,https://github.com/easydapp,USER
Poor Doge,bnb-chain,https://github.com/poordoge,USER
BAD AI,bnb-chain,https://github.com/badaitech/badai-docs,REPO
Renewable Energy Empires,bnb-chain,https://github.com/RETOKENofficial,USER
Mild Keeper,bnb-chain,https://github.com/RETOKENofficial,USER
Netmind XYZ,bnb-chain,https://github.com/NetMind-AI/xyz-contract,REPO
Mind AI,bnb-chain,https://github.com/Mindai-io,USER
Mintmeme,bnb-chain,https://github.com/Mintmemefun,USER
ZeroByte,bnb-chain,https://github.com/zr0byte/zerobyte/,INVALID
ApeEscape Bananafarm,bnb-chain,https://github.com/apeescapeio/bananafarm,REPO
TOKI,bnb-chain,https://github.com/datachainlab/,USER
WORLD3,bnb-chain,https://github.com/WORLD3-ai,USER
Moongate Fun,bnb-chain,https://github.com/moongatefun,USER
Bitiness,bnb-chain,https://github.com/Bitiness-Co,USER
Bink AI,bnb-chain,https://github.com/Bink-AI/BinkOS,REPO
AICZ,bnb-chain,https://github.com/ArtificialCZ/aicz-plugin-kit,REPO
BNB4,bnb-chain,https://github.com/bnb4ai,INVALID
Infinex,bnb-chain,https://github.com/infinex-xyz/,USER
PAI3,bnb-chain,https://github.com/PAI3-ai,USER
Metasender,bnb-chain,https://github.com/,INVALID
Enso,bnb-chain,https://github.com/EnsoBuild,USER
Multipli fi,bnb-chain,https://github.com/brine-finance/brine-evm-bridge,INVALID
FourSwap,bnb-chain,https://github.com/fourswap,USER
CrowdLaunch DApp,bnb-chain,https://github.com/CrowdLaunchDeFi,USER
Aicean,bnb-chain,https://github.com/SocialAicean,USER
LingoCrowd,bnb-chain,https://github.com/LingoAIOfficial/,INVALID
River,bnb-chain,https://github.com/Satoshi-Protocol,USER
Milk Token,bnb-chain,https://github.com/MILKTOKENBSC,USER
Tearline,bnb-chain,https://github.com/tearline-xyz/RechargeContract,REPO
Freename,bnb-chain,https://github.com/FreenameDomains/web3-domain-resolver,REPO
FastSwap,bnb-chain,https://github.com/FastSwapcn/FastSwap,REPO
EureXa AI,bnb-chain,https://github.com/EureXaAI,USER
Pitbull Token,bnb-chain,https://github.com/pitbullBSC,USER
NEOMKX,bnb-chain,https://github.com/neomkx,USER
Golden Rat,bnb-chain,https://github.com/goldenratbsc,USER
Shield Protocol IO,bnb-chain,https://github.com/shieldprotocols,USER
CocoTest,bnb-chain,https://github.com/xxxx,USER
0xHomie,bnb-chain,https://github.com/0xgasless/agentkit,REPO
Xnect,bnb-chain,https://github.com/XNect,USER
PaytoReach,bnb-chain,https://github.com/Pay2ReachDev/PayToReachContract,REPO
KAI battle of three kingdom,bnb-chain,https://github.com/doublejumptokyo/sgt-onchain,INVALID
Satori,bnb-chain,https://github.com/SatoriAI2025,USER
Cosci,bnb-chain,https://github.com/cosci-tech/mainpage,REPO
TagAI,bnb-chain,https://github.com/wormhole3,USER
Gambly,bnb-chain,https://github.com/GamblifyGG,USER
AskNoel,bnb-chain,https://github.com/AskNoel/,USER
Haiku,bnb-chain,https://github.com/Haiku-Trading,USER
GLayer,bnb-chain,https://github.com/GravitylayerAI,USER
VinuChain,bnb-chain,https://github.com/vinuchain,USER
Cubane,bnb-chain,https://github.com/ChatBuck,USER
CodeXchain,bnb-chain,https://github.com/CodeXChainOfficial,USER
Agent Ollie,bnb-chain,https://github.com/CodeXChainOfficial,USER
SquadSwap,bnb-chain,https://github.com/,USER
Squady fun,bnb-chain,https://github.com/,USER
Svim,bnb-chain,https://github.com/svim-labs,USER
FairMint,bnb-chain,https://github.com/FairmintFun,USER
Cadabra Finance,bnb-chain,https://github.com/cadabra-finance,USER
Smithii Tools,bnb-chain,https://github.com/SmithiiDev,USER
FWX,bnb-chain,https://github.com/forward-x,USER
Doodipals,bnb-chain,https://github.com/FoonieMagus/Doodipals,INVALID
Venn Network,bnb-chain,https://github.com/ironblocks,USER
Blackhole AI,bnb-chain,https://github.com/blackholeai_,INVALID
iDos Games,bnb-chain,https://github.com/iDos-Games,USER
LoomSync,bnb-chain,https://github.com,INVALID
MEGX,bnb-chain,https://github.com/megxdev,USER
Space Nation,bnb-chain,https://github.com/SpaceNationOL,USER
Tiny Pirate AI Game,bnb-chain,https://github.com/tinypirateonbsc,INVALID
CZanga AI,bnb-chain,https://github.com/iDos-Games/iDos-Games-Engine-Unity-SDK,REPO
Alpha Synbo,bnb-chain,https://github.com/SynboTech,USER
LifeBank,bnb-chain,https://github.com/kaikoChueng/LIFEBANK-CHAIN/blob/main/Contract%20Source%20Code%20,REPO
Sentism AI,bnb-chain,https://github.com/SentismAI,USER
UnicornX,bnb-chain,https://github.com/UnicornXAi/,USER
SentiAI,bnb-chain,https://github.com/SentiAIAgent,USER
Agent Olivia by AIGOV,bnb-chain,https://github.com/flooz,USER
Tcom,bnb-chain,https://github.com/tcom-global,USER
Pheasant Network,bnb-chain,https://github.com/Pheasant-Network,USER
Karen,bnb-chain,https://github.com/ai_society,INVALID
AIME,bnb-chain,https://github.com/parami-foundation,USER
Heurist,bnb-chain,https://github.com/heurist-network,USER
Mach Exchange,bnb-chain,https://github.com/tristeroresearch/,USER
Telepad Mini App,bnb-chain,https://github.com/telepadai,USER
TabbyPOS,bnb-chain,https://github.com/LEEKOHCHING/TabbyPOS-Introduction,REPO
TimePostOffice,bnb-chain,https://github.com/TimePostOffice/TPO,REPO
Crypto Portfolio Scanner,bnb-chain,https://github.com/,USER
ALLINALL,bnb-chain,https://github.com/,USER
Mewbao Token MBT,bnb-chain,https://github.com/Mewbao/MBT-Whitepaper,REPO
League of Traders,bnb-chain,https://github.com/League-of-Traders,USER
Swaps io,bnb-chain,https://github.com/swaps-io/,USER
TetherUSD,bnb-chain,http://github.com/4lgn/bep-20-templates/tree,INVALID
OKZOO,bnb-chain,https://github.com/okzoo-app/okzoo-v2-smart-contract,REPO
CZ 9000,bnb-chain,https://github.com/SmartDevAgent/CZ9000,REPO
Caila,bnb-chain,https://github.com/CAILA-AI/CAILA-BOT,REPO
CoNFT,bnb-chain,https://github.com/Conft-dev,USER
Aster,bnb-chain,https://github.com/asterdex/api-docs/blob/master/aster-finance-api.md,REPO
POPO JR BNB,bnb-chain,https://github.com/features/copilot,REPO
Absolutely Nothing Club,bnb-chain,https://github.com/iVerse-Vision/,USER
WAGMIE,bnb-chain,https://github.com/mahaxyz/wagmie-contracts,REPO
Survarium,bnb-chain,https://github.com/gordon0027/2D-ROGUELIKE-2024-HIT,INVALID
Deploy Meme,bnb-chain,https://github.com,INVALID
Flashback,bnb-chain,https://github.com/FlashbackAi/SmartContract,REPO
xplode,bnb-chain,https://github.com/Xplodememe,INVALID
Quex Tech,bnb-chain,https://github.com/quex-tech,USER
Boxcat,bnb-chain,https://github.com/TG-BoxCat/BoxCat_Unity,INVALID
elparadisogonzalo,bnb-chain,https://GitHub.com/elparadisogonzalo,INVALID
Give and Share,bnb-chain,https://github.com/users/giveandshareclub/projects/1/views/1,INVALID
The EYE,bnb-chain,https://github.com/Coinsult/Audits/blob/main/Coinsult_THE_EYE_0x98...de30_Audit.pdf,REPO
AtDawn,bnb-chain,https://github.com/atdawn-io,USER
AItonomy,bnb-chain,https://github.com/verisense-network,USER
AKEDO,bnb-chain,https://github.com/akedoorg/evmpayment,INVALID
SnoozUp,bnb-chain,https://github.com/SnoozUp,USER
Foxiffy,bnb-chain,https://github.com/foxiffy/app,INVALID
Copump,bnb-chain,https://github.com/Conft-dev,USER
Ark of Panda,bnb-chain,https://github.com/arkofpanda/ArkOfPanda,REPO
SKYAI,bnb-chain,https://github.com/SKYAIPRO-MCP,USER
GlueX Router,bnb-chain,https://github.com/gluexprotocol,USER
Umy,bnb-chain,https://github.com/,USER
AIDApp,bnb-chain,https://github.com/aidappcom/,USER
BAOS WORLD,bnb-chain,https://github.com/bainance-labs,USER
XNAME by XStar,bnb-chain,https://github.com/StarProtocolTeam/xname-contract,REPO
Prompt Inc,bnb-chain,https://github.com/sparkle-technologies/sparkle-prompt-inc,INVALID
Pieverse Timepot,bnb-chain,https://github.com/Pieverse-Eng,USER
Meganet,bnb-chain,https://github.com/0xvincent68/meganet-be,INVALID
Xmultiverse Island Roguelike,bnb-chain,https://github.com/xmultiverse-org/IslandRoguelike,REPO
STAKE FLOW,bnb-chain,https://github.com/STAKEFLOW-DEFI/STAKEFLOW_Contracts,REPO
Jarvis AI,bnb-chain,https://github.com/soon,USER
Arena of Faith,bnb-chain,https://github.com/SUPERESPORTS,USER
HatchKings,bnb-chain,https://github.com/RcadeNetwork/kod,REPO
Sortes,bnb-chain,https://github.com/Externality-Labs/sortes,INVALID
SHIMA,bnb-chain,https://github.com/Shima-SHIM,USER
Ads3,bnb-chain,https://github.com/Pea-AI,USER
GreenBTC Club,bnb-chain,https://github.com/arkreen/arkreen-greenbtc,INVALID
Menu Token,bnb-chain,https://github.com,INVALID
AZCoin,bnb-chain,https://github.com/pancakeswap/infinity-universal-router,REPO
CryptoRusher,bnb-chain,https://github.com/黄绍,INVALID
Maneki Neko,bnb-chain,https://github.com/metaleworld,USER
AIVILLE,bnb-chain,https://github.com/aivilleofficial,USER
Aqualis Protocol,bnb-chain,https://github.com/AqualisDAO/,USER
BIGA Arcade,bnb-chain,https://github.com/bigaarcade/arcade-sc,REPO
JOOCE,bnb-chain,https://github.com/Phuture-finance,USER
GoArt,bnb-chain,https://github.com/TBA,USER
Shieldprotocol,bnb-chain,https://github.com/ShieldProtocols,USER
AI Companions,bnb-chain,https://github.com/AICompanions,USER
Gryphon,bnb-chain,https://github.com/GryphonProtocolDAO/gryphon-contracts,REPO
OVERMATCH,bnb-chain,https://github.com/Overmatchweb3,USER
NOVARIC Token,bnb-chain,https://github.com/NOVARIC-Ltd,USER
Aster AI,bnb-chain,https://github.com/orinthellm21/aster-ai,REPO
ASRobots,bnb-chain,https://github.com/,USER
Quack AI,bnb-chain,https://github.com/quackai-labs,USER
Kudo,bnb-chain,https://github.com/Kudo-Dev-tech/Kudo,INVALID
Akarun,bnb-chain,https://github.com/indeepParth/AKARUN,INVALID
Briky Capital,bnb-chain,https://github.com/verichains/public-audit-reports/blob/ebf761a69af1ab0039d30f951adaf973b8b4beed/Verichains%20Public%20Audit%20Report%20-%20Briky%20Land%20-%20v1.1.pdf,INVALID
MOMO FUN,bnb-chain,https://github.com/novagroupd,INVALID
Broccoli,bnb-chain,https://github.com/Broccoli-CTO/BroccoliNGO-Dapp,REPO
TikTokFun,bnb-chain,https://github.com/yourproject,USER
Memes Ecosystem,bnb-chain,https://github.com/MemesAIofficial/Audit,REPO
Super Protocol,bnb-chain,https://github.com/Super-Protocol,USER
HeXiaoYi AI,bnb-chain,https://github.com/dddd-community,USER
BUGSCOIN,bnb-chain,https://github.com/bugscoin,USER
Liquify Ventures,bnb-chain,https://github.com/Liquify-labs,USER
CookerClub,bnb-chain,https://github.com/CookerClub,USER
Switchboard,bnb-chain,https://github.com/switchboard-xyz,USER
Pokr Bet,bnb-chain,https://github.com/pokrbet,USER
DI,bnb-chain,https://github.com/supernode-lab/supernode-sol/invitations,INVALID
BUILDon,bnb-chain,https://github.com/BUILDonBsc,USER
BSCAN,bnb-chain,https://github.com/girbscan/bscan-contracts,REPO
Definitive Finance,bnb-chain,https://github.com/DefinitiveCo,USER
SMART Cash Network,bnb-chain,https://github.com/smartcashnetwork,INVALID
DeFi Bank Wallet,bnb-chain,https://github.com/defibank,INVALID
FEG,bnb-chain,https://github.com/feg,USER
VideoXBT,bnb-chain,https://github.com/videoxbt,USER
Coresky,bnb-chain,https://github.com/Coreskyofficial,USER
QMT Quikky Move Token,bnb-chain,https://github.com/quikky-move,USER
Ares Sun,bnb-chain,https://github.com/slowmist/Knowledge-Base/blob/master/open-report-V2/smart-contract/SlowMist%20Audit%20Report%20-%20Unemeta_en-us.pdf,REPO
OneClickSender,bnb-chain,https://github.com/ModoriLabs/,USER
ZyberYield,bnb-chain,https://github.com/,USER
MaigaXBT,bnb-chain,https://github.com/thirdfi,USER
BABdotFun,bnb-chain,https://github.com/sinlab-org/BAB-contract,REPO
BNBEternity,bnb-chain,https://github.com,INVALID
DeepFlow,bnb-chain,https://github.com/DeepFlowcc?tab=repositories,USER
Solo Leveling,bnb-chain,https://github.com/sololevelingbnb/SLEVEL,REPO
DTT,bnb-chain,https://github.com/DTT,USER
DEMO,bnb-chain,https://github.com/bnb-chain/bsc/blob/master/cmd/faucet/customized/demotoken.png,REPO
ImHuman,bnb-chain,https://github.com/Privasea,USER
Ron,bnb-chain,https://github.com/cryptool-io,USER
TinyBlock,bnb-chain,https://github.com/tinyblocklab,USER
Mansory Token,bnb-chain,https://github.com/mansorytoken,INVALID
Orbion NFT Marketplace,bnb-chain,https://github.com/orbionchain,USER
Allbridge Core,bnb-chain,https://github.com/allbridge-io,USER
Amana,bnb-chain,https://github.com/AmanaDefi,USER
Miss AI,bnb-chain,https://github.com/MissChinaAi/TokenContract,REPO
Pulse,bnb-chain,https://github.com/pulse-wallet,USER
BEAVERS,bnb-chain,https://github.com/beaversprotocol/beaversprotocol,REPO
XP vision,bnb-chain,https://github.com/XPV_PRO,INVALID
POGAISEEK,bnb-chain,https://github.com/fendongs1950/pogai,REPO
Hyperbridge,bnb-chain,https://github.com/polytope-labs/hyperbridge,REPO
Syncra,bnb-chain,https://github.com/SyncraDAO,USER
Janitor,bnb-chain,https://github.com/janitor-ai,USER
CPBOX,bnb-chain,https://github.com/cpbox,USER
Elderglade,bnb-chain,https://github.com/w3forge,USER
Nova Crafter Lab,bnb-chain,https://github.com/NovaCrafterLab,USER
0xAstra,bnb-chain,https://github.com/0xastradev/0xAstra-contracts,REPO
SmartDeFi,bnb-chain,https://github.com/Feg,USER
Yieldxyz,bnb-chain,https://github.com/stakekit,USER
NeuroPepe,bnb-chain,https://github.com/comingsoon,USER
Coinnect,bnb-chain,https://github.com/UseCoinnect/coinnect-dapp,REPO
CoScription,bnb-chain,https://github.com/coscription,USER
Moolah,bnb-chain,https://github.com/lista-dao/moolah,REPO
Project Ailey,bnb-chain,https://github.com/ailey-gen-ai,INVALID
Liberty,bnb-chain,https://github.com/Z112918/sa,REPO
Builders Talk,bnb-chain,https://github.com/Coinsult/Audits/blob/main/Coinsult_BabyBuilder_0x8c...d864_Audit.pdf,REPO
SWEAT,bnb-chain,https://github.com/sweatco/sweat-near,REPO
TermMax,bnb-chain,https://github.com/term-structure,USER
t3rn,bnb-chain,https://github.com/t3rn,USER
Gasless Swap,bnb-chain,https://github.com/web3decisioncom/,USER
BearFAI,bnb-chain,https://github.com/,USER
Tokrio,bnb-chain,https://github.com/tokrio,USER
QDXRaffle,bnb-chain,https://github.com,INVALID
SatLayer,bnb-chain,https://github.com/satlayer,USER
Snowball MNS,bnb-chain,https://github.com/snowballmoney,USER
Bullshot,bnb-chain,https://github.com/engrsadaqat,INVALID
Unhosted,bnb-chain,https://github.com/Unhosted-Wallet,USER
NewStart,bnb-chain,https://github.com/TheTeamAlexa/AlexaMusic/tree/master/AlexaMusic/platforms,REPO
GoPlusLocker,bnb-chain,https://github.com/cryptousersecurity,USER
TradeTide,bnb-chain,https://github.com/TradeTideAI/TradeTide,REPO
Xeleb Protocol,bnb-chain,https://github.com/xeleb-dev/Xeleb-Protocol,REPO
Slothspepe,bnb-chain,https://github.com/Slothspepe,USER
VKINHA,bnb-chain,https://github.com/VKINHA/Audit/blob/main/Audit%20Report%20-%20VKINHA%20Smart%20Contract.pdf,REPO
iLuminaryHub,bnb-chain,https://github.com/GESP-IT-SOLUTIONS,USER
BananaTool,bnb-chain,https://github.com/Banana-Tool,USER
Bitchemical LAB AI,bnb-chain,https://github.com/Bitchemicaltech,USER
MoneyFi,bnb-chain,https://github.com/MoneyFi-fund/moneyFi-smartcontracts,REPO
InteNet,bnb-chain,https://github.com/InteNetProtocol,USER
USDTs,bnb-chain,https://github.com/USDTs-s/USDTs,REPO
OrbionFun,bnb-chain,https://github.com/orbionchain,USER
RWA_ART,bnb-chain,https://github.com/RWA0001,USER
CyberWish,bnb-chain,https://github.com/themetacat/cyber_wish,REPO
Timeworx,bnb-chain,https://github.com/timeworx,USER
LIKWID,bnb-chain,https://github.com/likwid-fi,USER
Predchain,bnb-chain,https://github.com,INVALID
Bnalpha,bnb-chain,https://github.com/FstSwapFinance/alpha_netlify,REPO
Shopping,bnb-chain,https://github.com/shoppingio,USER
The Book,bnb-chain,https://github.com/TheBookWords,USER
Lots,bnb-chain,https://github.com/lotsmlinv/lots-dapp,REPO
NodeOps,bnb-chain,https://github.com/NodeOps-app,USER
Zypher Network,bnb-chain,https://github.com/zypher-game,USER
Aria,bnb-chain,https://github.com/rocket3labs,USER
Bgsc Vault,bnb-chain,https://github.com/bugscoin,USER
Bgsc NFT,bnb-chain,https://github.com/bugscoin/assets,REPO
Bgsc Leaderboard,bnb-chain,https://github.com/bugscoin,USER
Tokenry,bnb-chain,https://github.com/tokenry,USER
DDDD PUMP,bnb-chain,https://github.com/dddd-community,USER
IdeaFoundry,bnb-chain,https://github.com/ideafoundryai,USER
Game Guide,bnb-chain,https://github.com/gordon0027/New-Game,INVALID
IBNAY IFTribe Staking and Trading Dapp,bnb-chain,https://github.com/Dost0o3/IFTribe,REPO
CICADA Finance,bnb-chain,https://github.com/Cicada-Finance/lt-rt,REPO
Fireverse,bnb-chain,https://github.com/FireverseAI/contract.git,INVALID
Life2App,bnb-chain,https://github.com/lifetoapp,USER
ARAI Systems,bnb-chain,https://github.com/0xastradev/0xAstra-contracts,REPO
Sigma Money,bnb-chain,https://github.com/SigmaMoney,USER
BitmapPunks,bnb-chain,https://github.com/bitmappunksnft,USER
Kommunitas,bnb-chain,https://github.com/Kommunitas-net,USER
DiceRoll,bnb-chain,https://github.com/diceverseai,INVALID
VALORIS,bnb-chain,https://github.com/GameBuildOffical,USER
Horizon,bnb-chain,https://github.com/mascotda,USER
ChainOpera AI,bnb-chain,https://github.com/jinqiao0423/checkin-contract,INVALID
Cellula,bnb-chain,https://github.com/cellulalifegame,USER
ArcX,bnb-chain,https://github.com/ArcX-world,USER
Carbon Browser,bnb-chain,https://github.com/Carbon-Browser,USER
Alpha Quark,bnb-chain,https://github.com/alphaquark,USER
NAWS,bnb-chain,https://github.com/naws-ai,USER
Tashi Protocol,bnb-chain,https://github.com/tashigg,USER
Allo,bnb-chain,https://github.com/allo-inc,USER
Nabox,bnb-chain,https://github.com/naboxwallet,USER
Collectify,bnb-chain,https://github.com/CollectifyApp,USER
Ark Protocol,bnb-chain,https://github.com/decentldotland/ark-network,REPO
Cocos-BCX,bnb-chain,https://github.com/cocos-bcx,USER
SubDAO,bnb-chain,https://github.com/SubDAO-Network/,USER
EscrowDapp,bnb-chain,https://github.com/escrowdapp,USER
Puffverse,bnb-chain,https://github.com/puffverse,USER
CRUZO,bnb-chain,https://github.com/cruzocards/,USER
Optix Option Protocol,bnb-chain,https://github.com/OptixProtocol,USER
Shield Protocol,bnb-chain,https://github.com/shield2protocol/,USER
Zecrey,bnb-chain,https://github.com/Zecrey-Labs,USER
Taho,bnb-chain,https://github.com/tahowallet/extension,REPO
Nextme,bnb-chain,https://github.com/0xNextLabs,USER
BlockVision,bnb-chain,https://github.com/block-vision,USER
alphagram,bnb-chain,https://github.com/RockCityDev,USER
Revert Finance,bnb-chain,https://github.com/revert-finance,USER
Leech Protocol,bnb-chain,https://github.com/Leech-Protocol,USER
MetaFab,bnb-chain,https://github.com/MetaFabInc,USER
Unizen,bnb-chain,https://github.com/unizen-io,USER
ZKCross,bnb-chain,https://github.com/DelphinusLab,USER
BNbitcoin,bnb-chain,https://github.com/BNbitcoin/,USER
Mar3AI,bnb-chain,https://github.com/MAR3-AI/mar3ai-contract,REPO
Etherspot,bnb-chain,https://github.com/etherspot/,USER
Arsenal 3D FPS,bnb-chain,https://github.com/Fabwelt,USER
CryptoHub,bnb-chain,https://github.com/cryptohub-agency,USER
Pulsar Finance,bnb-chain,https://github.com/PulsarDefi,USER
Genius,bnb-chain,https://github.com/GeniusGENI,USER
Decimal,bnb-chain,https://github.com/decimalteam,USER
Glacier Network,bnb-chain,https://github.com/Glacier-Labs,USER
3xpl,bnb-chain,https://github.com/3xplcom,USER
Defusion,bnb-chain,https://github.com/defusionai,USER
Mind Network,bnb-chain,https://github.com/mind-network,USER
SpaceSwap,bnb-chain,https://github.com/Space-Crypto-Project,USER
Gyrowin,bnb-chain,https://github.com/gyrowin,USER
Segment Finance,bnb-chain,https://github.com/Segment-Finance,USER
PandaTool,bnb-chain,https://github.com/pandatoolcode,USER
Wigwam,bnb-chain,https://github.com/wigwamapp/wigwam,REPO
PRDT Finance,bnb-chain,https://github.com/PRDTfinance,USER
OMNIA Protocol,bnb-chain,https://github.com/omniaprotocol,USER
CZ CASH,bnb-chain,https://github.com/chinese-zodiac,USER
Reveel,bnb-chain,https://github.com/r3vl,USER
SmolRefuel,bnb-chain,https://github.com/smolrefuel/,USER
Avalon Finance,bnb-chain,https://github.com/avalonfinancexyz,USER
Nicegram,bnb-chain,https://github.com/Nicegram,USER
