Name,Chain,Github Link,Link Status
FstSwap,bnb-chain,https://github.com/fstswap/fstswap.github.io,REPO
Ultiverse,bnb-chain,https://github.com/ultiverse-io/,ORG
LiveArt,bnb-chain,https://github.com/LiveArtx,ORG
Chain Of Legends,bnb-chain,https://github.com/Chain-of-Legends,ORG
Orbofi,bnb-chain,https://github.com/Orbofi,ORG
JLaunchpad,bnb-chain,https://github.com/Jlaunchpad,ORG
HODL,bnb-chain,https://github.com/HODL-org,ORG
USDTa,bnb-chain,https://github.com/usdta40,USER
Aegis,bnb-chain,https://github.com/Aegis-im,ORG
ChainGPT,bnb-chain,https://github.com/ChainGPT-org/,ORG
HyperGPT,bnb-chain,https://github.com/HyperGPTai,USER
Sekuya,bnb-chain,https://github.com/sekuyatoken,USER
DeFusion,bnb-chain,https://github.com/defusionai,USER
Mind Network,bnb-chain,https://github.com/mind-network,ORG
Laika AI,bnb-chain,https://github.com/Laika-AI-labs,ORG
ApeBond,bnb-chain,https://github.com/ApeSwapFinance,ORG
Catboy,bnb-chain,https://github.com/TEAMCatboy,ORG
Sidekick,bnb-chain,https://github.com/SidekickOfficial,INVALID
Tethereum,bnb-chain,https://github.com/tethereumtoken/,USER
Entangle,bnb-chain,https://github.com/Entangle-Protocol/corechain,REPO
Muskswap,bnb-chain,https://github.com/liuguanzhang-1/musk-swap,USER
VolBoost,bnb-chain,https://github.com,INVALID
CZ RUNZ,bnb-chain,https://github.com/CZRUNZ/CZRUNZ,USER
Alliance Games,bnb-chain,https://github.com/chainofalliance,INVALID
MYX Finance,bnb-chain,https://github.com/myx-protocol,ORG
Wise Monkey,bnb-chain,https://github.com/,INVALID
AICell,bnb-chain,https://github.com/AIcell-labs,ORG
DeAgentAI,bnb-chain,https://github.com/deagentAI,USER
AIMCA Token,bnb-chain,https://github.com/aimemechain/,USER
Token Bulk Sender,bnb-chain,https://github.com/dawar2151/x-wallet-bulksender-smart-contracts,REPO
CKAN Coin,bnb-chain,https://github.com/CKANcoin,USER
SOLO AI,bnb-chain,https://github.com/soloai-front,ORG
StarAI,bnb-chain,https://github.com/starland-ai,ORG
Matrixdock,bnb-chain,https://github.com/Matrixdock-RWA/RWA-Contracts,REPO
BAD Coin,bnb-chain,https://github.com/badaitech/badai-docs,REPO
zkMe,bnb-chain,https://github.com/zkMeLabs,ORG
Lord Cheems,bnb-chain,https://github.com/CheemsLab,ORG
Whale,bnb-chain,https://github.com,INVALID
Koma,bnb-chain,https://github.com,INVALID
Vita Inu,bnb-chain,https://github.com/vitainu,INVALID
BANANAS31,bnb-chain,https://github.com/BANANAS31,USER
COCOCOIN,bnb-chain,https://github.com/tonj5554,USER
Beeper,bnb-chain,https://github.com/intentos-labs,ORG
Cakepie,bnb-chain,https://github.com/magpiexyz/cakepie,REPO
ApeX Protocol,bnb-chain,https://github.com/ApeX-Protocol,ORG
LudoWin by Catecoin,bnb-chain,https://github.com/catecoins,USER
Astra,bnb-chain,https://github.com/astra-labs-ln,USER
BUZZ,bnb-chain,https://github.com/buzz0283,USER
SinVerse,bnb-chain,https://github.com/vanilla-network/,USER
Meow Motion,bnb-chain,https://github.com/MeowMotion/meow_contract,REPO
Lion Cat,bnb-chain,https://github.com/lioncat-official/,USER
Token Creator,bnb-chain,https://github.com/create-my-token,USER
Gata,bnb-chain,https://github.com/gataxyz,ORG
Decentra Guys,bnb-chain,https://github.com/decentra-guys/tokken-contract,REPO
REMIS,bnb-chain,https://github.com/NFT5-Imota/remis-dapp-slots,ORG
AIMEC,bnb-chain,https://github.com/aimemechain/,USER
BABEDINO,bnb-chain,https://github.com/aimemechain/Baby-Dino-Meme-Token-Project,USER
PlayFi Studio,bnb-chain,https://github.com/PlayFiStudio,USER
BabyBNB,bnb-chain,https://github.com/BabyBNBToken,USER
1GUY,bnb-chain,https://github.com/1GUYToken,INVALID
Moon Tropica,bnb-chain,https://github.com/moontropica,ORG
AIAI Society,bnb-chain,https://github.com/aiai_society,INVALID
Catton AI,bnb-chain,https://github.com/Cattontech,USER
ZebraSwap,bnb-chain,https://github.com/DIMOCODE/zebra-Swap-In-progress,REPO
Tagger,bnb-chain,https://github.com/TaggerAI,USER
ASI MEME,bnb-chain,https://github.com/asimemecoin,USER
QAAG AI,bnb-chain,-,INVALID
Bacon Protocol,bnb-chain,-,INVALID
Casper AI,bnb-chain,-,INVALID
BTC100AI at xWIN.Finance,bnb-chain,-,INVALID
Jam AI,bnb-chain,-,INVALID
Vault Zero,bnb-chain,-,INVALID
Spot Zero,bnb-chain,https://github.com/TartaLabs,ORG
U topia,bnb-chain,https://github.com/u-topia-ecosystem,ORG
Eesee,bnb-chain,https://github.com/eesee-io/contracts,REPO
Etaku,bnb-chain,https://github.com/EtakuAI,USER
Topi AI,bnb-chain,https://github.com/dex-guru,ORG
SilentSwap,bnb-chain,https://github.com/shibtoshi,USER
Alttown,bnb-chain,https://github.com/bitBLUE-Developer/alt.town,REPO
LUCKY STUDIOS,bnb-chain,https://github.com/settings/applications/2862655,INVALID
PWN,bnb-chain,https://github.com/PWNDAO,ORG
PAPU Arena,bnb-chain,https://github.com/papugame,USER
MdbApp,bnb-chain,https://github.com/mobdaboss,USER
0xgasless,bnb-chain,https://github.com/0xgasless/agentkit,REPO
Metya,bnb-chain,https://github.com/metya,USER
Farcana,bnb-chain,https://github.com/farcana/,USER
Aggregata,bnb-chain,https://github.com/Aggregata-xyz,ORG
Liteflow,bnb-chain,https://github.com/liteflow-labs,ORG
Pokka,bnb-chain,https://github.com/ai_society,INVALID
AGI Open Network,bnb-chain,https://github.com/AONAgent/aonweb,REPO
Multipli,bnb-chain,https://github.com/brine-finance/,ORG
DeployTokens,bnb-chain,https://github.com/deploytokens/,USER
CheeseAI,bnb-chain,https://github.com/CheeseAIfun/CheeseAI,INVALID
OP MEME,bnb-chain,https://github.com/opdotmeme,USER
Coinweb,bnb-chain,https://github.com/coinweb,ORG
Impact Fun,bnb-chain,https://github.com/impactdotfun,ORG
SirenAI,bnb-chain,https://github.com/climtine/SIREN.git,USER
Yotta,bnb-chain,https://github.com/yottalabsai,ORG
DexCheck AI,bnb-chain,https://github.com/DexCheck-io,INVALID
Puppy Fun,bnb-chain,https://github.com/?no-public-repos,INVALID
Sixpack Miner,bnb-chain,https://github.com/SixpackMiner/SixpackMiner.git,ORG
OpenPad AI,bnb-chain,https://github.com/OPENPAD-AI/openpadai-smartcontract-ERC20-public,REPO
EasyDapp,bnb-chain,https://github.com/easydapp,ORG
Poor Doge,bnb-chain,https://github.com/poordoge,USER
BAD AI,bnb-chain,https://github.com/badaitech/badai-docs,REPO
Renewable Energy Empires,bnb-chain,https://github.com/RETOKENofficial,USER
Mild Keeper,bnb-chain,https://github.com/RETOKENofficial,USER
Netmind XYZ,bnb-chain,https://github.com/NetMind-AI/xyz-contract,REPO
Mind AI,bnb-chain,https://github.com/Mindai-io,ORG
Mintmeme,bnb-chain,https://github.com/Mintmemefun,USER
ZeroByte,bnb-chain,https://github.com/zr0byte/zerobyte/,INVALID
ApeEscape Bananafarm,bnb-chain,https://github.com/apeescapeio/bananafarm,REPO
TOKI,bnb-chain,https://github.com/datachainlab/,ORG
WORLD3,bnb-chain,https://github.com/WORLD3-ai,ORG
Moongate Fun,bnb-chain,https://github.com/moongatefun,USER
Bitiness,bnb-chain,https://github.com/Bitiness-Co,ORG
Bink AI,bnb-chain,https://github.com/Bink-AI/BinkOS,REPO
AICZ,bnb-chain,https://github.com/ArtificialCZ/aicz-plugin-kit,REPO
BNB4,bnb-chain,https://github.com/bnb4ai,INVALID
Infinex,bnb-chain,https://github.com/infinex-xyz/,ORG
PAI3,bnb-chain,https://github.com/PAI3-ai,ORG
Metasender,bnb-chain,https://github.com/,INVALID
Enso,bnb-chain,https://github.com/EnsoBuild,ORG
Multipli fi,bnb-chain,https://github.com/brine-finance/brine-evm-bridge,ORG
FourSwap,bnb-chain,https://github.com/fourswap,USER
CrowdLaunch DApp,bnb-chain,https://github.com/CrowdLaunchDeFi,USER
Aicean,bnb-chain,https://github.com/SocialAicean,ORG
LingoCrowd,bnb-chain,https://github.com/LingoAIOfficial/,INVALID
River,bnb-chain,https://github.com/Satoshi-Protocol,ORG
Milk Token,bnb-chain,https://github.com/MILKTOKENBSC,USER
Tearline,bnb-chain,https://github.com/tearline-xyz/RechargeContract,REPO
Freename,bnb-chain,https://github.com/FreenameDomains/web3-domain-resolver,REPO
FastSwap,bnb-chain,https://github.com/FastSwapcn/FastSwap,REPO
EureXa AI,bnb-chain,https://github.com/EureXaAI,USER
Pitbull Token,bnb-chain,https://github.com/pitbullBSC,ORG
NEOMKX,bnb-chain,https://github.com/neomkx,USER
Golden Rat,bnb-chain,https://github.com/goldenratbsc,USER
Shield Protocol IO,bnb-chain,https://github.com/shieldprotocols,USER
CocoTest,bnb-chain,https://github.com/xxxx,USER
0xHomie,bnb-chain,https://github.com/0xgasless/agentkit,REPO
Xnect,bnb-chain,https://github.com/XNect,ORG
PaytoReach,bnb-chain,https://github.com/Pay2ReachDev/PayToReachContract,REPO
KAI battle of three kingdom,bnb-chain,https://github.com/doublejumptokyo/sgt-onchain,ORG
Satori,bnb-chain,https://github.com/SatoriAI2025,ORG
Cosci,bnb-chain,https://github.com/cosci-tech/mainpage,REPO
TagAI,bnb-chain,https://github.com/wormhole3,ORG
Gambly,bnb-chain,https://github.com/GamblifyGG,ORG
AskNoel,bnb-chain,https://github.com/AskNoel/,USER
Haiku,bnb-chain,https://github.com/Haiku-Trading,ORG
GLayer,bnb-chain,https://github.com/GravitylayerAI,ORG
VinuChain,bnb-chain,https://github.com/vinuchain,ORG
Cubane,bnb-chain,https://github.com/ChatBuck,ORG
CodeXchain,bnb-chain,https://github.com/CodeXChainOfficial,USER
Agent Ollie,bnb-chain,https://github.com/CodeXChainOfficial,USER
SquadSwap,bnb-chain,https://github.com/,INVALID
Squady fun,bnb-chain,https://github.com/,INVALID
Svim,bnb-chain,https://github.com/svim-labs,ORG
FairMint,bnb-chain,https://github.com/FairmintFun,USER
Cadabra Finance,bnb-chain,https://github.com/cadabra-finance,ORG
Smithii Tools,bnb-chain,https://github.com/SmithiiDev,ORG
FWX,bnb-chain,https://github.com/forward-x,ORG
Doodipals,bnb-chain,https://github.com/FoonieMagus/Doodipals,ORG
Venn Network,bnb-chain,https://github.com/ironblocks,ORG
Blackhole AI,bnb-chain,https://github.com/blackholeai_,INVALID
iDos Games,bnb-chain,https://github.com/iDos-Games,ORG
LoomSync,bnb-chain,https://github.com,INVALID
MEGX,bnb-chain,https://github.com/megxdev,USER
Space Nation,bnb-chain,https://github.com/SpaceNationOL,ORG
Tiny Pirate AI Game,bnb-chain,https://github.com/tinypirateonbsc,INVALID
CZanga AI,bnb-chain,https://github.com/iDos-Games/iDos-Games-Engine-Unity-SDK,REPO
Alpha Synbo,bnb-chain,https://github.com/SynboTech,USER
LifeBank,bnb-chain,https://github.com/kaikoChueng/LIFEBANK-CHAIN/blob/main/Contract%20Source%20Code%20,REPO
Sentism AI,bnb-chain,https://github.com/SentismAI,ORG
UnicornX,bnb-chain,https://github.com/UnicornXAi/,USER
SentiAI,bnb-chain,https://github.com/SentiAIAgent,ORG
Agent Olivia by AIGOV,bnb-chain,https://github.com/flooz,USER
Tcom,bnb-chain,https://github.com/tcom-global,USER
Pheasant Network,bnb-chain,https://github.com/Pheasant-Network,ORG
Karen,bnb-chain,https://github.com/ai_society,INVALID
AIME,bnb-chain,https://github.com/parami-foundation,ORG
Heurist,bnb-chain,https://github.com/heurist-network,ORG
Mach Exchange,bnb-chain,https://github.com/tristeroresearch/,ORG
Telepad Mini App,bnb-chain,https://github.com/telepadai,USER
TabbyPOS,bnb-chain,https://github.com/LEEKOHCHING/TabbyPOS-Introduction,REPO
TimePostOffice,bnb-chain,https://github.com/TimePostOffice/TPO,REPO
Crypto Portfolio Scanner,bnb-chain,https://github.com/,INVALID
ALLINALL,bnb-chain,https://github.com/,INVALID
Mewbao Token MBT,bnb-chain,https://github.com/Mewbao/MBT-Whitepaper,REPO
League of Traders,bnb-chain,https://github.com/League-of-Traders,ORG
Swaps io,bnb-chain,https://github.com/swaps-io/,ORG
TetherUSD,bnb-chain,http://github.com/4lgn/bep-20-templates/tree,REPO
OKZOO,bnb-chain,https://github.com/okzoo-app/okzoo-v2-smart-contract,REPO
CZ 9000,bnb-chain,https://github.com/SmartDevAgent/CZ9000,REPO
Caila,bnb-chain,https://github.com/CAILA-AI/CAILA-BOT,REPO
CoNFT,bnb-chain,https://github.com/Conft-dev,ORG
Aster,bnb-chain,https://github.com/asterdex/api-docs/blob/master/aster-finance-api.md,REPO
POPO JR BNB,bnb-chain,https://github.com/features/copilot,INVALID
Absolutely Nothing Club,bnb-chain,https://github.com/iVerse-Vision/,ORG
WAGMIE,bnb-chain,https://github.com/mahaxyz/wagmie-contracts,REPO
Survarium,bnb-chain,https://github.com/gordon0027/2D-ROGUELIKE-2024-HIT,USER
Deploy Meme,bnb-chain,https://github.com,INVALID
Flashback,bnb-chain,https://github.com/FlashbackAi/SmartContract,REPO
xplode,bnb-chain,https://github.com/Xplodememe,INVALID
Quex Tech,bnb-chain,https://github.com/quex-tech,ORG
Boxcat,bnb-chain,https://github.com/TG-BoxCat/BoxCat_Unity,USER
elparadisogonzalo,bnb-chain,https://GitHub.com/elparadisogonzalo,INVALID
Give and Share,bnb-chain,https://github.com/users/giveandshareclub/projects/1/views/1,INVALID
The EYE,bnb-chain,https://github.com/Coinsult/Audits/blob/main/Coinsult_THE_EYE_0x98...de30_Audit.pdf,REPO
AtDawn,bnb-chain,https://github.com/atdawn-io,ORG
AItonomy,bnb-chain,https://github.com/verisense-network,ORG
AKEDO,bnb-chain,https://github.com/akedoorg/evmpayment,ORG
SnoozUp,bnb-chain,https://github.com/SnoozUp,USER
Foxiffy,bnb-chain,https://github.com/foxiffy/app,USER
Copump,bnb-chain,https://github.com/Conft-dev,ORG
Ark of Panda,bnb-chain,https://github.com/arkofpanda/ArkOfPanda,USER
SKYAI,bnb-chain,https://github.com/SKYAIPRO-MCP,ORG
GlueX Router,bnb-chain,https://github.com/gluexprotocol,ORG
Umy,bnb-chain,https://github.com/,INVALID
AIDApp,bnb-chain,https://github.com/aidappcom/,USER
BAOS WORLD,bnb-chain,https://github.com/bainance-labs,ORG
XNAME by XStar,bnb-chain,https://github.com/StarProtocolTeam/xname-contract,REPO
Prompt Inc,bnb-chain,https://github.com/sparkle-technologies/sparkle-prompt-inc,ORG
Pieverse Timepot,bnb-chain,https://github.com/Pieverse-Eng,ORG
Meganet,bnb-chain,https://github.com/0xvincent68/meganet-be,USER
Xmultiverse Island Roguelike,bnb-chain,https://github.com/xmultiverse-org/IslandRoguelike,REPO
STAKE FLOW,bnb-chain,https://github.com/STAKEFLOW-DEFI/STAKEFLOW_Contracts,REPO
Jarvis AI,bnb-chain,https://github.com/soon,USER
Arena of Faith,bnb-chain,https://github.com/SUPERESPORTS,USER
HatchKings,bnb-chain,https://github.com/RcadeNetwork/kod,REPO
Sortes,bnb-chain,https://github.com/Externality-Labs/sortes,ORG
SHIMA,bnb-chain,https://github.com/Shima-SHIM,USER
Ads3,bnb-chain,https://github.com/Pea-AI,ORG
GreenBTC Club,bnb-chain,https://github.com/arkreen/arkreen-greenbtc,ORG
Menu Token,bnb-chain,https://github.com,INVALID
AZCoin,bnb-chain,https://github.com/pancakeswap/infinity-universal-router,REPO
CryptoRusher,bnb-chain,https://github.com/黄绍,INVALID
Maneki Neko,bnb-chain,https://github.com/metaleworld,USER
AIVILLE,bnb-chain,https://github.com/aivilleofficial,USER
Aqualis Protocol,bnb-chain,https://github.com/AqualisDAO/,ORG
BIGA Arcade,bnb-chain,https://github.com/bigaarcade/arcade-sc,REPO
JOOCE,bnb-chain,https://github.com/Phuture-finance,ORG
GoArt,bnb-chain,https://github.com/TBA,USER
Shieldprotocol,bnb-chain,https://github.com/ShieldProtocols,USER
AI Companions,bnb-chain,https://github.com/AICompanions,USER
Gryphon,bnb-chain,https://github.com/GryphonProtocolDAO/gryphon-contracts,REPO
OVERMATCH,bnb-chain,https://github.com/Overmatchweb3,USER
NOVARIC Token,bnb-chain,https://github.com/NOVARIC-Ltd,ORG
Aster AI,bnb-chain,https://github.com/orinthellm21/aster-ai,REPO
ASRobots,bnb-chain,https://github.com/,INVALID
Quack AI,bnb-chain,https://github.com/quackai-labs,USER
Kudo,bnb-chain,https://github.com/Kudo-Dev-tech/Kudo,USER
Akarun,bnb-chain,https://github.com/indeepParth/AKARUN,USER
Briky Capital,bnb-chain,https://github.com/verichains/public-audit-reports/blob/ebf761a69af1ab0039d30f951adaf973b8b4beed/Verichains%20Public%20Audit%20Report%20-%20Briky%20Land%20-%20v1.1.pdf,REPO
MOMO FUN,bnb-chain,https://github.com/novagroupd,INVALID
Broccoli,bnb-chain,https://github.com/Broccoli-CTO/BroccoliNGO-Dapp,REPO
TikTokFun,bnb-chain,https://github.com/yourproject,USER
Memes Ecosystem,bnb-chain,https://github.com/MemesAIofficial/Audit,REPO
Super Protocol,bnb-chain,https://github.com/Super-Protocol,ORG
HeXiaoYi AI,bnb-chain,https://github.com/dddd-community,USER
BUGSCOIN,bnb-chain,https://github.com/bugscoin,USER
Liquify Ventures,bnb-chain,https://github.com/Liquify-labs,ORG
CookerClub,bnb-chain,https://github.com/CookerClub,USER
Switchboard,bnb-chain,https://github.com/switchboard-xyz,ORG
Pokr Bet,bnb-chain,https://github.com/pokrbet,USER
DI,bnb-chain,https://github.com/supernode-lab/supernode-sol/invitations,USER
BUILDon,bnb-chain,https://github.com/BUILDonBsc,USER
BSCAN,bnb-chain,https://github.com/girbscan/bscan-contracts,REPO
Definitive Finance,bnb-chain,https://github.com/DefinitiveCo,ORG
SMART Cash Network,bnb-chain,https://github.com/smartcashnetwork,INVALID
DeFi Bank Wallet,bnb-chain,https://github.com/defibank,INVALID
FEG,bnb-chain,https://github.com/feg,USER
VideoXBT,bnb-chain,https://github.com/videoxbt,ORG
Coresky,bnb-chain,https://github.com/Coreskyofficial,ORG
QMT Quikky Move Token,bnb-chain,https://github.com/quikky-move,USER
Ares Sun,bnb-chain,https://github.com/slowmist/Knowledge-Base/blob/master/open-report-V2/smart-contract/SlowMist%20Audit%20Report%20-%20Unemeta_en-us.pdf,REPO
OneClickSender,bnb-chain,https://github.com/ModoriLabs/,ORG
ZyberYield,bnb-chain,https://github.com/,INVALID
MaigaXBT,bnb-chain,https://github.com/thirdfi,ORG
BABdotFun,bnb-chain,https://github.com/sinlab-org/BAB-contract,REPO
BNBEternity,bnb-chain,https://github.com,INVALID
DeepFlow,bnb-chain,https://github.com/DeepFlowcc?tab=repositories,USER
Solo Leveling,bnb-chain,https://github.com/sololevelingbnb/SLEVEL,REPO
DTT,bnb-chain,https://github.com/DTT,USER
DEMO,bnb-chain,https://github.com/bnb-chain/bsc/blob/master/cmd/faucet/customized/demotoken.png,REPO
ImHuman,bnb-chain,https://github.com/Privasea,ORG
Ron,bnb-chain,https://github.com/cryptool-io,USER
TinyBlock,bnb-chain,https://github.com/tinyblocklab,USER
Mansory Token,bnb-chain,https://github.com/mansorytoken,INVALID
Orbion NFT Marketplace,bnb-chain,https://github.com/orbionchain,USER
Allbridge Core,bnb-chain,https://github.com/allbridge-io,ORG
Amana,bnb-chain,https://github.com/AmanaDefi,ORG
Miss AI,bnb-chain,https://github.com/MissChinaAi/TokenContract,REPO
Pulse,bnb-chain,https://github.com/pulse-wallet,ORG
BEAVERS,bnb-chain,https://github.com/beaversprotocol/beaversprotocol,REPO
XP vision,bnb-chain,https://github.com/XPV_PRO,INVALID
POGAISEEK,bnb-chain,https://github.com/fendongs1950/pogai,REPO
Hyperbridge,bnb-chain,https://github.com/polytope-labs/hyperbridge,REPO
Syncra,bnb-chain,https://github.com/SyncraDAO,ORG
Janitor,bnb-chain,https://github.com/janitor-ai,ORG
CPBOX,bnb-chain,https://github.com/cpbox,USER
Elderglade,bnb-chain,https://github.com/w3forge,ORG
Nova Crafter Lab,bnb-chain,https://github.com/NovaCrafterLab,USER
0xAstra,bnb-chain,https://github.com/0xastradev/0xAstra-contracts,REPO
SmartDeFi,bnb-chain,https://github.com/Feg,USER
Yieldxyz,bnb-chain,https://github.com/stakekit,ORG
NeuroPepe,bnb-chain,https://github.com/comingsoon,ORG
Coinnect,bnb-chain,https://github.com/UseCoinnect/coinnect-dapp,REPO
CoScription,bnb-chain,https://github.com/coscription,USER
Moolah,bnb-chain,https://github.com/lista-dao/moolah,REPO
Project Ailey,bnb-chain,https://github.com/ailey-gen-ai,INVALID
Liberty,bnb-chain,https://github.com/Z112918/sa,REPO
Builders Talk,bnb-chain,https://github.com/Coinsult/Audits/blob/main/Coinsult_BabyBuilder_0x8c...d864_Audit.pdf,REPO
SWEAT,bnb-chain,https://github.com/sweatco/sweat-near,REPO
TermMax,bnb-chain,https://github.com/term-structure,ORG
t3rn,bnb-chain,https://github.com/t3rn,ORG
Gasless Swap,bnb-chain,https://github.com/web3decisioncom/,ORG
BearFAI,bnb-chain,https://github.com/,INVALID
Tokrio,bnb-chain,https://github.com/tokrio,ORG
QDXRaffle,bnb-chain,https://github.com,INVALID
SatLayer,bnb-chain,https://github.com/satlayer,ORG
Snowball MNS,bnb-chain,https://github.com/snowballmoney,ORG
Bullshot,bnb-chain,https://github.com/engrsadaqat,INVALID
Unhosted,bnb-chain,https://github.com/Unhosted-Wallet,ORG
NewStart,bnb-chain,https://github.com/TheTeamAlexa/AlexaMusic/tree/master/AlexaMusic/platforms,REPO
GoPlusLocker,bnb-chain,https://github.com/cryptousersecurity,ORG
TradeTide,bnb-chain,https://github.com/TradeTideAI/TradeTide,REPO
Xeleb Protocol,bnb-chain,https://github.com/xeleb-dev/Xeleb-Protocol,REPO
Slothspepe,bnb-chain,https://github.com/Slothspepe,USER
VKINHA,bnb-chain,https://github.com/VKINHA/Audit/blob/main/Audit%20Report%20-%20VKINHA%20Smart%20Contract.pdf,REPO
iLuminaryHub,bnb-chain,https://github.com/GESP-IT-SOLUTIONS,ORG
BananaTool,bnb-chain,https://github.com/Banana-Tool,USER
Bitchemical LAB AI,bnb-chain,https://github.com/Bitchemicaltech,ORG
MoneyFi,bnb-chain,https://github.com/MoneyFi-fund/moneyFi-smartcontracts,REPO
InteNet,bnb-chain,https://github.com/InteNetProtocol,ORG
USDTs,bnb-chain,https://github.com/USDTs-s/USDTs,REPO
OrbionFun,bnb-chain,https://github.com/orbionchain,USER
RWA_ART,bnb-chain,https://github.com/RWA0001,USER
CyberWish,bnb-chain,https://github.com/themetacat/cyber_wish,REPO
Timeworx,bnb-chain,https://github.com/timeworx,ORG
LIKWID,bnb-chain,https://github.com/likwid-fi,ORG
Predchain,bnb-chain,https://github.com,INVALID
Bnalpha,bnb-chain,https://github.com/FstSwapFinance/alpha_netlify,REPO
Shopping,bnb-chain,https://github.com/shoppingio,ORG
The Book,bnb-chain,https://github.com/TheBookWords,USER
Lots,bnb-chain,https://github.com/lotsmlinv/lots-dapp,REPO
NodeOps,bnb-chain,https://github.com/NodeOps-app,ORG
Zypher Network,bnb-chain,https://github.com/zypher-game,ORG
Aria,bnb-chain,https://github.com/rocket3labs,ORG
Bgsc Vault,bnb-chain,https://github.com/bugscoin,USER
Bgsc NFT,bnb-chain,https://github.com/bugscoin/assets,REPO
Bgsc Leaderboard,bnb-chain,https://github.com/bugscoin,USER
Tokenry,bnb-chain,https://github.com/tokenry,USER
DDDD PUMP,bnb-chain,https://github.com/dddd-community,USER
IdeaFoundry,bnb-chain,https://github.com/ideafoundryai,USER
Game Guide,bnb-chain,https://github.com/gordon0027/New-Game,USER
IBNAY IFTribe Staking and Trading Dapp,bnb-chain,https://github.com/Dost0o3/IFTribe,REPO
CICADA Finance,bnb-chain,https://github.com/Cicada-Finance/lt-rt,REPO
Fireverse,bnb-chain,https://github.com/FireverseAI/contract.git,USER
Life2App,bnb-chain,https://github.com/lifetoapp,USER
ARAI Systems,bnb-chain,https://github.com/0xastradev/0xAstra-contracts,REPO
Sigma Money,bnb-chain,https://github.com/SigmaMoney,USER
BitmapPunks,bnb-chain,https://github.com/bitmappunksnft,USER
Kommunitas,bnb-chain,https://github.com/Kommunitas-net,ORG
DiceRoll,bnb-chain,https://github.com/diceverseai,INVALID
VALORIS,bnb-chain,https://github.com/GameBuildOffical,ORG
Horizon,bnb-chain,https://github.com/mascotda,USER
ChainOpera AI,bnb-chain,https://github.com/jinqiao0423/checkin-contract,USER
Cellula,bnb-chain,https://github.com/cellulalifegame,USER
ArcX,bnb-chain,https://github.com/ArcX-world,USER
Carbon Browser,bnb-chain,https://github.com/Carbon-Browser,ORG
Alpha Quark,bnb-chain,https://github.com/alphaquark,ORG
NAWS,bnb-chain,https://github.com/naws-ai,ORG
Tashi Protocol,bnb-chain,https://github.com/tashigg,ORG
Allo,bnb-chain,https://github.com/allo-inc,ORG
Nabox,bnb-chain,https://github.com/naboxwallet,ORG
Collectify,bnb-chain,https://github.com/CollectifyApp,ORG
Ark Protocol,bnb-chain,https://github.com/decentldotland/ark-network,REPO
Cocos-BCX,bnb-chain,https://github.com/cocos-bcx,ORG
SubDAO,bnb-chain,https://github.com/SubDAO-Network/,ORG
EscrowDapp,bnb-chain,https://github.com/escrowdapp,USER
Puffverse,bnb-chain,https://github.com/puffverse,USER
CRUZO,bnb-chain,https://github.com/cruzocards/,ORG
Optix Option Protocol,bnb-chain,https://github.com/OptixProtocol,ORG
Shield Protocol,bnb-chain,https://github.com/shield2protocol/,ORG
Zecrey,bnb-chain,https://github.com/Zecrey-Labs,ORG
Taho,bnb-chain,https://github.com/tahowallet/extension,REPO
Nextme,bnb-chain,https://github.com/0xNextLabs,ORG
BlockVision,bnb-chain,https://github.com/block-vision,ORG
alphagram,bnb-chain,https://github.com/RockCityDev,ORG
Revert Finance,bnb-chain,https://github.com/revert-finance,ORG
Leech Protocol,bnb-chain,https://github.com/Leech-Protocol,ORG
MetaFab,bnb-chain,https://github.com/MetaFabInc,ORG
Unizen,bnb-chain,https://github.com/unizen-io,ORG
ZKCross,bnb-chain,https://github.com/DelphinusLab,ORG
BNbitcoin,bnb-chain,https://github.com/BNbitcoin/,USER
Mar3AI,bnb-chain,https://github.com/MAR3-AI/mar3ai-contract,REPO
Etherspot,bnb-chain,https://github.com/etherspot/,ORG
Arsenal 3D FPS,bnb-chain,https://github.com/Fabwelt,USER
CryptoHub,bnb-chain,https://github.com/cryptohub-agency,USER
Pulsar Finance,bnb-chain,https://github.com/PulsarDefi,ORG
Genius,bnb-chain,https://github.com/GeniusGENI,ORG
Decimal,bnb-chain,https://github.com/decimalteam,ORG
Glacier Network,bnb-chain,https://github.com/Glacier-Labs,ORG
3xpl,bnb-chain,https://github.com/3xplcom,ORG
Defusion,bnb-chain,https://github.com/defusionai,USER
Mind Network,bnb-chain,https://github.com/mind-network,ORG
SpaceSwap,bnb-chain,https://github.com/Space-Crypto-Project,USER
Gyrowin,bnb-chain,https://github.com/gyrowin,ORG
Segment Finance,bnb-chain,https://github.com/Segment-Finance,ORG
PandaTool,bnb-chain,https://github.com/pandatoolcode,USER
Wigwam,bnb-chain,https://github.com/wigwamapp/wigwam,REPO
PRDT Finance,bnb-chain,https://github.com/PRDTfinance,USER
OMNIA Protocol,bnb-chain,https://github.com/omniaprotocol,USER
CZ CASH,bnb-chain,https://github.com/chinese-zodiac,ORG
Reveel,bnb-chain,https://github.com/r3vl,ORG
SmolRefuel,bnb-chain,https://github.com/smolrefuel/,ORG
Avalon Finance,bnb-chain,https://github.com/avalonfinancexyz,ORG
Nicegram,bnb-chain,https://github.com/Nicegram,ORG
