Name,Chain,Github Link
FstSwap,bnb-chain,https://github.com/fstswap/fstswap.github.io
Ultiverse,bnb-chain,https://github.com/ultiverse-io/
LiveArt,bnb-chain,https://github.com/LiveArtx
Chain Of Legends,bnb-chain,https://github.com/Chain-of-Legends
Orbofi,bnb-chain,https://github.com/Orbofi
JLaunchpad,bnb-chain,https://github.com/Jlaunchpad
HODL,bnb-chain,https://github.com/HODL-org
USDTa,bnb-chain,https://github.com/usdta40
Aegis,bnb-chain,https://github.com/Aegis-im
ChainGPT,bnb-chain,https://github.com/ChainGPT-org/
HyperGPT,bnb-chain,https://github.com/HyperGPTai
Sekuya,bnb-chain,https://github.com/sekuyatoken
DeFusion,bnb-chain,https://github.com/defusionai
Mind Network,bnb-chain,https://github.com/mind-network
Laika AI,bnb-chain,https://github.com/Laika-AI-labs
ApeBond,bnb-chain,https://github.com/ApeSwapFinance
Catboy,bnb-chain,https://github.com/TEAMCatboy
Sidekick,bnb-chain,https://github.com/SidekickOfficial
Tethereum,bnb-chain,https://github.com/tethereumtoken/
Entangle,bnb-chain,https://github.com/Entangle-Protocol/corechain
Muskswap,bnb-chain,https://github.com/liuguanzhang-1/musk-swap
VolBoost,bnb-chain,https://github.com
CZ RUNZ,bnb-chain,https://github.com/CZRUNZ/CZRUNZ
Alliance Games,bnb-chain,https://github.com/chainofalliance
MYX Finance,bnb-chain,https://github.com/myx-protocol
Wise Monkey,bnb-chain,https://github.com/
AICell,bnb-chain,https://github.com/AIcell-labs
DeAgentAI,bnb-chain,https://github.com/deagentAI
AIMCA Token,bnb-chain,https://github.com/aimemechain/
Token Bulk Sender,bnb-chain,https://github.com/dawar2151/x-wallet-bulksender-smart-contracts
CKAN Coin,bnb-chain,https://github.com/CKANcoin
SOLO AI,bnb-chain,https://github.com/soloai-front
StarAI,bnb-chain,https://github.com/starland-ai
Matrixdock,bnb-chain,https://github.com/Matrixdock-RWA/RWA-Contracts
BAD Coin,bnb-chain,https://github.com/badaitech/badai-docs
zkMe,bnb-chain,https://github.com/zkMeLabs
Lord Cheems,bnb-chain,https://github.com/CheemsLab
Whale,bnb-chain,https://github.com
Koma,bnb-chain,https://github.com
Vita Inu,bnb-chain,https://github.com/vitainu
BANANAS31,bnb-chain,https://github.com/BANANAS31
COCOCOIN,bnb-chain,https://github.com/tonj5554
Beeper,bnb-chain,https://github.com/intentos-labs
Cakepie,bnb-chain,https://github.com/magpiexyz/cakepie
ApeX Protocol,bnb-chain,https://github.com/ApeX-Protocol
LudoWin by Catecoin,bnb-chain,https://github.com/catecoins
Astra,bnb-chain,https://github.com/astra-labs-ln
BUZZ,bnb-chain,https://github.com/buzz0283
SinVerse,bnb-chain,https://github.com/vanilla-network/
Meow Motion,bnb-chain,https://github.com/MeowMotion/meow_contract
Lion Cat,bnb-chain,https://github.com/lioncat-official/
Token Creator,bnb-chain,https://github.com/create-my-token
Gata,bnb-chain,https://github.com/gataxyz
Decentra Guys,bnb-chain,https://github.com/decentra-guys/tokken-contract
REMIS,bnb-chain,https://github.com/NFT5-Imota/remis-dapp-slots
AIMEC,bnb-chain,https://github.com/aimemechain/
BABEDINO,bnb-chain,https://github.com/aimemechain/Baby-Dino-Meme-Token-Project
PlayFi Studio,bnb-chain,https://github.com/PlayFiStudio
BabyBNB,bnb-chain,https://github.com/BabyBNBToken
1GUY,bnb-chain,https://github.com/1GUYToken
Moon Tropica,bnb-chain,https://github.com/moontropica
AIAI Society,bnb-chain,https://github.com/aiai_society
Catton AI,bnb-chain,https://github.com/Cattontech
ZebraSwap,bnb-chain,https://github.com/DIMOCODE/zebra-Swap-In-progress
Tagger,bnb-chain,https://github.com/TaggerAI
ASI MEME,bnb-chain,https://github.com/asimemecoin
QAAG AI,bnb-chain,-
Bacon Protocol,bnb-chain,-
Casper AI,bnb-chain,-
BTC100AI at xWIN.Finance,bnb-chain,-
Jam AI,bnb-chain,-
Vault Zero,bnb-chain,-
Spot Zero,bnb-chain,https://github.com/TartaLabs
U topia,bnb-chain,https://github.com/u-topia-ecosystem
Eesee,bnb-chain,https://github.com/eesee-io/contracts
Etaku,bnb-chain,https://github.com/EtakuAI
Topi AI,bnb-chain,https://github.com/dex-guru
SilentSwap,bnb-chain,https://github.com/shibtoshi
Alttown,bnb-chain,https://github.com/bitBLUE-Developer/alt.town
LUCKY STUDIOS,bnb-chain,https://github.com/settings/applications/2862655
PWN,bnb-chain,https://github.com/PWNDAO
PAPU Arena,bnb-chain,https://github.com/papugame
MdbApp,bnb-chain,https://github.com/mobdaboss
0xgasless,bnb-chain,https://github.com/0xgasless/agentkit
Metya,bnb-chain,https://github.com/metya
Farcana,bnb-chain,https://github.com/farcana/
Aggregata,bnb-chain,https://github.com/Aggregata-xyz
Liteflow,bnb-chain,https://github.com/liteflow-labs
Pokka,bnb-chain,https://github.com/ai_society
AGI Open Network,bnb-chain,https://github.com/AONAgent/aonweb
Multipli,bnb-chain,https://github.com/brine-finance/
DeployTokens,bnb-chain,https://github.com/deploytokens/
CheeseAI,bnb-chain,https://github.com/CheeseAIfun/CheeseAI
OP MEME,bnb-chain,https://github.com/opdotmeme
Coinweb,bnb-chain,https://github.com/coinweb
Impact Fun,bnb-chain,https://github.com/impactdotfun
SirenAI,bnb-chain,https://github.com/climtine/SIREN.git
Yotta,bnb-chain,https://github.com/yottalabsai
DexCheck AI,bnb-chain,https://github.com/DexCheck-io
Puppy Fun,bnb-chain,https://github.com/?no-public-repos
Sixpack Miner,bnb-chain,https://github.com/SixpackMiner/SixpackMiner.git
OpenPad AI,bnb-chain,https://github.com/OPENPAD-AI/openpadai-smartcontract-ERC20-public
EasyDapp,bnb-chain,https://github.com/easydapp
Poor Doge,bnb-chain,https://github.com/poordoge
BAD AI,bnb-chain,https://github.com/badaitech/badai-docs
Renewable Energy Empires,bnb-chain,https://github.com/RETOKENofficial
Mild Keeper,bnb-chain,https://github.com/RETOKENofficial
Netmind XYZ,bnb-chain,https://github.com/NetMind-AI/xyz-contract
Mind AI,bnb-chain,https://github.com/Mindai-io
Mintmeme,bnb-chain,https://github.com/Mintmemefun
ZeroByte,bnb-chain,https://github.com/zr0byte/zerobyte/
ApeEscape Bananafarm,bnb-chain,https://github.com/apeescapeio/bananafarm
TOKI,bnb-chain,https://github.com/datachainlab/
WORLD3,bnb-chain,https://github.com/WORLD3-ai
Moongate Fun,bnb-chain,https://github.com/moongatefun
Bitiness,bnb-chain,https://github.com/Bitiness-Co
Bink AI,bnb-chain,https://github.com/Bink-AI/BinkOS
AICZ,bnb-chain,https://github.com/ArtificialCZ/aicz-plugin-kit
BNB4,bnb-chain,https://github.com/bnb4ai
Infinex,bnb-chain,https://github.com/infinex-xyz/
PAI3,bnb-chain,https://github.com/PAI3-ai
Metasender,bnb-chain,https://github.com/
Enso,bnb-chain,https://github.com/EnsoBuild
Multipli fi,bnb-chain,https://github.com/brine-finance/brine-evm-bridge
FourSwap,bnb-chain,https://github.com/fourswap
CrowdLaunch DApp,bnb-chain,https://github.com/CrowdLaunchDeFi
Aicean,bnb-chain,https://github.com/SocialAicean
LingoCrowd,bnb-chain,https://github.com/LingoAIOfficial/
River,bnb-chain,https://github.com/Satoshi-Protocol
Milk Token,bnb-chain,https://github.com/MILKTOKENBSC
Tearline,bnb-chain,https://github.com/tearline-xyz/RechargeContract
Freename,bnb-chain,https://github.com/FreenameDomains/web3-domain-resolver
FastSwap,bnb-chain,https://github.com/FastSwapcn/FastSwap
EureXa AI,bnb-chain,https://github.com/EureXaAI
Pitbull Token,bnb-chain,https://github.com/pitbullBSC
NEOMKX,bnb-chain,https://github.com/neomkx
Golden Rat,bnb-chain,https://github.com/goldenratbsc
Shield Protocol IO,bnb-chain,https://github.com/shieldprotocols
CocoTest,bnb-chain,https://github.com/xxxx
0xHomie,bnb-chain,https://github.com/0xgasless/agentkit
Xnect,bnb-chain,https://github.com/XNect
PaytoReach,bnb-chain,https://github.com/Pay2ReachDev/PayToReachContract
KAI battle of three kingdom,bnb-chain,https://github.com/doublejumptokyo/sgt-onchain
Satori,bnb-chain,https://github.com/SatoriAI2025
Cosci,bnb-chain,https://github.com/cosci-tech/mainpage
TagAI,bnb-chain,https://github.com/wormhole3
Gambly,bnb-chain,https://github.com/GamblifyGG
AskNoel,bnb-chain,https://github.com/AskNoel/
Haiku,bnb-chain,https://github.com/Haiku-Trading
GLayer,bnb-chain,https://github.com/GravitylayerAI
VinuChain,bnb-chain,https://github.com/vinuchain
Cubane,bnb-chain,https://github.com/ChatBuck
CodeXchain,bnb-chain,https://github.com/CodeXChainOfficial
Agent Ollie,bnb-chain,https://github.com/CodeXChainOfficial
SquadSwap,bnb-chain,https://github.com/
Squady fun,bnb-chain,https://github.com/
Svim,bnb-chain,https://github.com/svim-labs
FairMint,bnb-chain,https://github.com/FairmintFun
Cadabra Finance,bnb-chain,https://github.com/cadabra-finance
Smithii Tools,bnb-chain,https://github.com/SmithiiDev
FWX,bnb-chain,https://github.com/forward-x
Doodipals,bnb-chain,https://github.com/FoonieMagus/Doodipals
Venn Network,bnb-chain,https://github.com/ironblocks
Blackhole AI,bnb-chain,https://github.com/blackholeai_
iDos Games,bnb-chain,https://github.com/iDos-Games
LoomSync,bnb-chain,https://github.com
MEGX,bnb-chain,https://github.com/megxdev
Space Nation,bnb-chain,https://github.com/SpaceNationOL
Tiny Pirate AI Game,bnb-chain,https://github.com/tinypirateonbsc
CZanga AI,bnb-chain,https://github.com/iDos-Games/iDos-Games-Engine-Unity-SDK
Alpha Synbo,bnb-chain,https://github.com/SynboTech
LifeBank,bnb-chain,https://github.com/kaikoChueng/LIFEBANK-CHAIN/blob/main/Contract%20Source%20Code%20
Sentism AI,bnb-chain,https://github.com/SentismAI
UnicornX,bnb-chain,https://github.com/UnicornXAi/
SentiAI,bnb-chain,https://github.com/SentiAIAgent
Agent Olivia by AIGOV,bnb-chain,https://github.com/flooz
Tcom,bnb-chain,https://github.com/tcom-global
Pheasant Network,bnb-chain,https://github.com/Pheasant-Network
Karen,bnb-chain,https://github.com/ai_society
AIME,bnb-chain,https://github.com/parami-foundation
Heurist,bnb-chain,https://github.com/heurist-network
Mach Exchange,bnb-chain,https://github.com/tristeroresearch/
Telepad Mini App,bnb-chain,https://github.com/telepadai
TabbyPOS,bnb-chain,https://github.com/LEEKOHCHING/TabbyPOS-Introduction
TimePostOffice,bnb-chain,https://github.com/TimePostOffice/TPO
Crypto Portfolio Scanner,bnb-chain,https://github.com/
ALLINALL,bnb-chain,https://github.com/
Mewbao Token MBT,bnb-chain,https://github.com/Mewbao/MBT-Whitepaper
League of Traders,bnb-chain,https://github.com/League-of-Traders
Swaps io,bnb-chain,https://github.com/swaps-io/
TetherUSD,bnb-chain,http://github.com/4lgn/bep-20-templates/tree
OKZOO,bnb-chain,https://github.com/okzoo-app/okzoo-v2-smart-contract
CZ 9000,bnb-chain,https://github.com/SmartDevAgent/CZ9000
Caila,bnb-chain,https://github.com/CAILA-AI/CAILA-BOT
CoNFT,bnb-chain,https://github.com/Conft-dev
Aster,bnb-chain,https://github.com/asterdex/api-docs/blob/master/aster-finance-api.md
POPO JR BNB,bnb-chain,https://github.com/features/copilot
Absolutely Nothing Club,bnb-chain,https://github.com/iVerse-Vision/
WAGMIE,bnb-chain,https://github.com/mahaxyz/wagmie-contracts
Survarium,bnb-chain,https://github.com/gordon0027/2D-ROGUELIKE-2024-HIT
Deploy Meme,bnb-chain,https://github.com
Flashback,bnb-chain,https://github.com/FlashbackAi/SmartContract
xplode,bnb-chain,https://github.com/Xplodememe
Quex Tech,bnb-chain,https://github.com/quex-tech
Boxcat,bnb-chain,https://github.com/TG-BoxCat/BoxCat_Unity
elparadisogonzalo,bnb-chain,https://GitHub.com/elparadisogonzalo
Give and Share,bnb-chain,https://github.com/users/giveandshareclub/projects/1/views/1
The EYE,bnb-chain,https://github.com/Coinsult/Audits/blob/main/Coinsult_THE_EYE_0x98...de30_Audit.pdf
AtDawn,bnb-chain,https://github.com/atdawn-io
AItonomy,bnb-chain,https://github.com/verisense-network
AKEDO,bnb-chain,https://github.com/akedoorg/evmpayment
SnoozUp,bnb-chain,https://github.com/SnoozUp
Foxiffy,bnb-chain,https://github.com/foxiffy/app
Copump,bnb-chain,https://github.com/Conft-dev
Ark of Panda,bnb-chain,https://github.com/arkofpanda/ArkOfPanda
SKYAI,bnb-chain,https://github.com/SKYAIPRO-MCP
GlueX Router,bnb-chain,https://github.com/gluexprotocol
Umy,bnb-chain,https://github.com/
AIDApp,bnb-chain,https://github.com/aidappcom/
BAOS WORLD,bnb-chain,https://github.com/bainance-labs
XNAME by XStar,bnb-chain,https://github.com/StarProtocolTeam/xname-contract
Prompt Inc,bnb-chain,https://github.com/sparkle-technologies/sparkle-prompt-inc
Pieverse Timepot,bnb-chain,https://github.com/Pieverse-Eng
Meganet,bnb-chain,https://github.com/0xvincent68/meganet-be
Xmultiverse Island Roguelike,bnb-chain,https://github.com/xmultiverse-org/IslandRoguelike
STAKE FLOW,bnb-chain,https://github.com/STAKEFLOW-DEFI/STAKEFLOW_Contracts
Jarvis AI,bnb-chain,https://github.com/soon
Arena of Faith,bnb-chain,https://github.com/SUPERESPORTS
HatchKings,bnb-chain,https://github.com/RcadeNetwork/kod
Sortes,bnb-chain,https://github.com/Externality-Labs/sortes
SHIMA,bnb-chain,https://github.com/Shima-SHIM
Ads3,bnb-chain,https://github.com/Pea-AI
GreenBTC Club,bnb-chain,https://github.com/arkreen/arkreen-greenbtc
Menu Token,bnb-chain,https://github.com
AZCoin,bnb-chain,https://github.com/pancakeswap/infinity-universal-router
CryptoRusher,bnb-chain,https://github.com/黄绍
Maneki Neko,bnb-chain,https://github.com/metaleworld
AIVILLE,bnb-chain,https://github.com/aivilleofficial
Aqualis Protocol,bnb-chain,https://github.com/AqualisDAO/
BIGA Arcade,bnb-chain,https://github.com/bigaarcade/arcade-sc
JOOCE,bnb-chain,https://github.com/Phuture-finance
GoArt,bnb-chain,https://github.com/TBA
Shieldprotocol,bnb-chain,https://github.com/ShieldProtocols
AI Companions,bnb-chain,https://github.com/AICompanions
Gryphon,bnb-chain,https://github.com/GryphonProtocolDAO/gryphon-contracts
OVERMATCH,bnb-chain,https://github.com/Overmatchweb3
NOVARIC Token,bnb-chain,https://github.com/NOVARIC-Ltd
Aster AI,bnb-chain,https://github.com/orinthellm21/aster-ai
ASRobots,bnb-chain,https://github.com/
Quack AI,bnb-chain,https://github.com/quackai-labs
Kudo,bnb-chain,https://github.com/Kudo-Dev-tech/Kudo
Akarun,bnb-chain,https://github.com/indeepParth/AKARUN
Briky Capital,bnb-chain,https://github.com/verichains/public-audit-reports/blob/ebf761a69af1ab0039d30f951adaf973b8b4beed/Verichains%20Public%20Audit%20Report%20-%20Briky%20Land%20-%20v1.1.pdf
MOMO FUN,bnb-chain,https://github.com/novagroupd
Broccoli,bnb-chain,https://github.com/Broccoli-CTO/BroccoliNGO-Dapp
TikTokFun,bnb-chain,https://github.com/yourproject
Memes Ecosystem,bnb-chain,https://github.com/MemesAIofficial/Audit
Super Protocol,bnb-chain,https://github.com/Super-Protocol
HeXiaoYi AI,bnb-chain,https://github.com/dddd-community
BUGSCOIN,bnb-chain,https://github.com/bugscoin
Liquify Ventures,bnb-chain,https://github.com/Liquify-labs
CookerClub,bnb-chain,https://github.com/CookerClub
Switchboard,bnb-chain,https://github.com/switchboard-xyz
Pokr Bet,bnb-chain,https://github.com/pokrbet
DI,bnb-chain,https://github.com/supernode-lab/supernode-sol/invitations
BUILDon,bnb-chain,https://github.com/BUILDonBsc
BSCAN,bnb-chain,https://github.com/girbscan/bscan-contracts
Definitive Finance,bnb-chain,https://github.com/DefinitiveCo
SMART Cash Network,bnb-chain,https://github.com/smartcashnetwork
DeFi Bank Wallet,bnb-chain,https://github.com/defibank
FEG,bnb-chain,https://github.com/feg
VideoXBT,bnb-chain,https://github.com/videoxbt
Coresky,bnb-chain,https://github.com/Coreskyofficial
QMT Quikky Move Token,bnb-chain,https://github.com/quikky-move
Ares Sun,bnb-chain,https://github.com/slowmist/Knowledge-Base/blob/master/open-report-V2/smart-contract/SlowMist%20Audit%20Report%20-%20Unemeta_en-us.pdf
OneClickSender,bnb-chain,https://github.com/ModoriLabs/
ZyberYield,bnb-chain,https://github.com/
MaigaXBT,bnb-chain,https://github.com/thirdfi
BABdotFun,bnb-chain,https://github.com/sinlab-org/BAB-contract
BNBEternity,bnb-chain,https://github.com
DeepFlow,bnb-chain,https://github.com/DeepFlowcc?tab=repositories
Solo Leveling,bnb-chain,https://github.com/sololevelingbnb/SLEVEL
DTT,bnb-chain,https://github.com/DTT
DEMO,bnb-chain,https://github.com/bnb-chain/bsc/blob/master/cmd/faucet/customized/demotoken.png
ImHuman,bnb-chain,https://github.com/Privasea
Ron,bnb-chain,https://github.com/cryptool-io
TinyBlock,bnb-chain,https://github.com/tinyblocklab
Mansory Token,bnb-chain,https://github.com/mansorytoken
Orbion NFT Marketplace,bnb-chain,https://github.com/orbionchain
Allbridge Core,bnb-chain,https://github.com/allbridge-io
Amana,bnb-chain,https://github.com/AmanaDefi
Miss AI,bnb-chain,https://github.com/MissChinaAi/TokenContract
Pulse,bnb-chain,https://github.com/pulse-wallet
BEAVERS,bnb-chain,https://github.com/beaversprotocol/beaversprotocol
XP vision,bnb-chain,https://github.com/XPV_PRO
POGAISEEK,bnb-chain,https://github.com/fendongs1950/pogai
Hyperbridge,bnb-chain,https://github.com/polytope-labs/hyperbridge
Syncra,bnb-chain,https://github.com/SyncraDAO
Janitor,bnb-chain,https://github.com/janitor-ai
CPBOX,bnb-chain,https://github.com/cpbox
Elderglade,bnb-chain,https://github.com/w3forge
Nova Crafter Lab,bnb-chain,https://github.com/NovaCrafterLab
0xAstra,bnb-chain,https://github.com/0xastradev/0xAstra-contracts
SmartDeFi,bnb-chain,https://github.com/Feg
Yieldxyz,bnb-chain,https://github.com/stakekit
NeuroPepe,bnb-chain,https://github.com/comingsoon
Coinnect,bnb-chain,https://github.com/UseCoinnect/coinnect-dapp
CoScription,bnb-chain,https://github.com/coscription
Moolah,bnb-chain,https://github.com/lista-dao/moolah
Project Ailey,bnb-chain,https://github.com/ailey-gen-ai
Liberty,bnb-chain,https://github.com/Z112918/sa
Builders Talk,bnb-chain,https://github.com/Coinsult/Audits/blob/main/Coinsult_BabyBuilder_0x8c...d864_Audit.pdf
SWEAT,bnb-chain,https://github.com/sweatco/sweat-near
TermMax,bnb-chain,https://github.com/term-structure
t3rn,bnb-chain,https://github.com/t3rn
Gasless Swap,bnb-chain,https://github.com/web3decisioncom/
BearFAI,bnb-chain,https://github.com/
Tokrio,bnb-chain,https://github.com/tokrio
QDXRaffle,bnb-chain,https://github.com
SatLayer,bnb-chain,https://github.com/satlayer
Snowball MNS,bnb-chain,https://github.com/snowballmoney
Bullshot,bnb-chain,https://github.com/engrsadaqat
Unhosted,bnb-chain,https://github.com/Unhosted-Wallet
NewStart,bnb-chain,https://github.com/TheTeamAlexa/AlexaMusic/tree/master/AlexaMusic/platforms
GoPlusLocker,bnb-chain,https://github.com/cryptousersecurity
TradeTide,bnb-chain,https://github.com/TradeTideAI/TradeTide
Xeleb Protocol,bnb-chain,https://github.com/xeleb-dev/Xeleb-Protocol
Slothspepe,bnb-chain,https://github.com/Slothspepe
VKINHA,bnb-chain,https://github.com/VKINHA/Audit/blob/main/Audit%20Report%20-%20VKINHA%20Smart%20Contract.pdf
iLuminaryHub,bnb-chain,https://github.com/GESP-IT-SOLUTIONS
BananaTool,bnb-chain,https://github.com/Banana-Tool
Bitchemical LAB AI,bnb-chain,https://github.com/Bitchemicaltech
MoneyFi,bnb-chain,https://github.com/MoneyFi-fund/moneyFi-smartcontracts
InteNet,bnb-chain,https://github.com/InteNetProtocol
USDTs,bnb-chain,https://github.com/USDTs-s/USDTs
OrbionFun,bnb-chain,https://github.com/orbionchain
RWA_ART,bnb-chain,https://github.com/RWA0001
CyberWish,bnb-chain,https://github.com/themetacat/cyber_wish
Timeworx,bnb-chain,https://github.com/timeworx
LIKWID,bnb-chain,https://github.com/likwid-fi
Predchain,bnb-chain,https://github.com
Bnalpha,bnb-chain,https://github.com/FstSwapFinance/alpha_netlify
Shopping,bnb-chain,https://github.com/shoppingio
The Book,bnb-chain,https://github.com/TheBookWords
Lots,bnb-chain,https://github.com/lotsmlinv/lots-dapp
NodeOps,bnb-chain,https://github.com/NodeOps-app
Zypher Network,bnb-chain,https://github.com/zypher-game
Aria,bnb-chain,https://github.com/rocket3labs
Bgsc Vault,bnb-chain,https://github.com/bugscoin
Bgsc NFT,bnb-chain,https://github.com/bugscoin/assets
Bgsc Leaderboard,bnb-chain,https://github.com/bugscoin
Tokenry,bnb-chain,https://github.com/tokenry
DDDD PUMP,bnb-chain,https://github.com/dddd-community
IdeaFoundry,bnb-chain,https://github.com/ideafoundryai
Game Guide,bnb-chain,https://github.com/gordon0027/New-Game
IBNAY IFTribe Staking and Trading Dapp,bnb-chain,https://github.com/Dost0o3/IFTribe
CICADA Finance,bnb-chain,https://github.com/Cicada-Finance/lt-rt
Fireverse,bnb-chain,https://github.com/FireverseAI/contract.git
Life2App,bnb-chain,https://github.com/lifetoapp
ARAI Systems,bnb-chain,https://github.com/0xastradev/0xAstra-contracts
Sigma Money,bnb-chain,https://github.com/SigmaMoney
BitmapPunks,bnb-chain,https://github.com/bitmappunksnft
Kommunitas,bnb-chain,https://github.com/Kommunitas-net
DiceRoll,bnb-chain,https://github.com/diceverseai
VALORIS,bnb-chain,https://github.com/GameBuildOffical
Horizon,bnb-chain,https://github.com/mascotda
ChainOpera AI,bnb-chain,https://github.com/jinqiao0423/checkin-contract
Cellula,bnb-chain,https://github.com/cellulalifegame
ArcX,bnb-chain,https://github.com/ArcX-world
Carbon Browser,bnb-chain,https://github.com/Carbon-Browser
Alpha Quark,bnb-chain,https://github.com/alphaquark
NAWS,bnb-chain,https://github.com/naws-ai
Tashi Protocol,bnb-chain,https://github.com/tashigg
Allo,bnb-chain,https://github.com/allo-inc
Nabox,bnb-chain,https://github.com/naboxwallet
Collectify,bnb-chain,https://github.com/CollectifyApp
Ark Protocol,bnb-chain,https://github.com/decentldotland/ark-network
Cocos-BCX,bnb-chain,https://github.com/cocos-bcx
SubDAO,bnb-chain,https://github.com/SubDAO-Network/
EscrowDapp,bnb-chain,https://github.com/escrowdapp
Puffverse,bnb-chain,https://github.com/puffverse
CRUZO,bnb-chain,https://github.com/cruzocards/
Optix Option Protocol,bnb-chain,https://github.com/OptixProtocol
Shield Protocol,bnb-chain,https://github.com/shield2protocol/
Zecrey,bnb-chain,https://github.com/Zecrey-Labs
Taho,bnb-chain,https://github.com/tahowallet/extension
Nextme,bnb-chain,https://github.com/0xNextLabs
BlockVision,bnb-chain,https://github.com/block-vision
alphagram,bnb-chain,https://github.com/RockCityDev
Revert Finance,bnb-chain,https://github.com/revert-finance
Leech Protocol,bnb-chain,https://github.com/Leech-Protocol
MetaFab,bnb-chain,https://github.com/MetaFabInc
Unizen,bnb-chain,https://github.com/unizen-io
ZKCross,bnb-chain,https://github.com/DelphinusLab
BNbitcoin,bnb-chain,https://github.com/BNbitcoin/
Mar3AI,bnb-chain,https://github.com/MAR3-AI/mar3ai-contract
Etherspot,bnb-chain,https://github.com/etherspot/
Arsenal 3D FPS,bnb-chain,https://github.com/Fabwelt
CryptoHub,bnb-chain,https://github.com/cryptohub-agency
Pulsar Finance,bnb-chain,https://github.com/PulsarDefi
Genius,bnb-chain,https://github.com/GeniusGENI
Decimal,bnb-chain,https://github.com/decimalteam
Glacier Network,bnb-chain,https://github.com/Glacier-Labs
3xpl,bnb-chain,https://github.com/3xplcom
Defusion,bnb-chain,https://github.com/defusionai
Mind Network,bnb-chain,https://github.com/mind-network
SpaceSwap,bnb-chain,https://github.com/Space-Crypto-Project
Gyrowin,bnb-chain,https://github.com/gyrowin
Segment Finance,bnb-chain,https://github.com/Segment-Finance
PandaTool,bnb-chain,https://github.com/pandatoolcode
Wigwam,bnb-chain,https://github.com/wigwamapp/wigwam
PRDT Finance,bnb-chain,https://github.com/PRDTfinance
OMNIA Protocol,bnb-chain,https://github.com/omniaprotocol
CZ CASH,bnb-chain,https://github.com/chinese-zodiac
Reveel,bnb-chain,https://github.com/r3vl
SmolRefuel,bnb-chain,https://github.com/smolrefuel/
Avalon Finance,bnb-chain,https://github.com/avalonfinancexyz
Nicegram,bnb-chain,https://github.com/Nicegram